日付,料理1,料理2,料理3,料理4,
1月1日(木),献立なし,,,,
1月2日(金),外食(魚べい),,,,
1月3日(土),献立なし,,,,
1月4日(日),献立なし,,,,
1月5日(月),カレー,揚げ物,サラダ,,
1月6日(火),二色丼,ロールキャベツ,ひじき煮,,
1月7日(水),白飯,唐揚げ,サバ缶白滝,サラダ,
1月8日(木),白飯,麻婆豆腐,焼売,ヤンニョムチキン,
1月9日(金),シチュー,揚げ物,サラダ,,
1月10日(土),白飯,豚キムチ,春巻き,,
1月11日(日),献立なし,,,,
1月12日(月),ピラフ,タンドリーチキン,ほうれん草炒め,,
1月13日(火),白飯,えのきの豚肉巻き,ぶり大根,,
1月14日(水),ガパオ,揚げ物,白菜スープ,,
1月15日(木),白飯,チャプチェ,餃子,,
1月16日(金),白飯,ハンバーグ,ポテト,ほうれん草の付合せ,
1月17日(土),カレー,揚げ物,サラダ,,
1月18日(日),献立なし,,,,
1月19日(月),白飯,すき焼き風煮,小松菜炒め,,
1月20日(火),白飯,麻婆白菜,春巻き,スープ,
1月21日(水),トマトハヤシ,揚げ物,サラスパ,,
1月22日(木),白飯,豚こまきんぴら,お惣菜,豚汁,
1月23日(金),タコライス,スープ餃子,,,
1月24日(土),白飯,スープカレー,揚げ物,サラダ,
1月25日(日),献立なし,,,,
1月26日(月),白飯,えのきの豚肉巻き,麻婆茄子,,
1月27日(火),炒飯,唐揚げ,ツナチャンプルー,,
1月28日(水),チンジャオロース丼,大根の煮物,,,
1月29日(木),白飯,生姜焼き,お惣菜,,
1月30日(金),白飯,麻婆豆腐,えびブロッコリー,スープ,
1月31日(土),白飯,ハンバーグ,ポテト,ほうれん草の付合せ,スープ
2月1日(日),献立なし,,,,
2月2日(月),白飯,じゃがいもとえのきの煮物,魚,,
2月3日(火),恵方巻,豚汁,,,
2月4日(水),ボロネーゼ,揚げ物,サラダ,,
2月5日(木),白飯,ピーマンの肉詰め,しりしり,,
2月6日(金),シチュー,春巻き,サラダ,,
2月7日(土),白飯,豚キムチ,麻婆春雨,,
2月8日(日),献立なし,,,,
2月9日(月),白飯,えのきの豚肉巻き,煮物,,
2月10日(火),白飯,タンドリーチキン,サバ缶白滝,サラダ,
2月11日(水),二色丼,ロールキャベツ,揚げ物,サラダ,
2月12日(木),カレー,おでん,サラダ,,
2月13日(金),混ぜご飯,唐揚げ,カニカマチンゲン菜炒め,サラダ,
2月14日(土),ピラフ,煮込みハンバーグ,ハッシュドポテト,,
2月15日(日),献立なし,,,,
2月16日(月),混ぜご飯,豚バラ大根,小松菜炒め,,
2月17日(火),白飯,鶏むねしそチーズ,ジャーマンポテト,,
2月18日(水),ガパオ,揚げ物,サラダ,,
2月19日(木),白飯,韓国風きんぴら,ちゃんぽん春雨,,
2月20日(金),白飯,トンテキ,鶏肉の甘辛煮,,
2月21日(土),ビーフシチュー,揚げ物,サラダ,,
2月22日(日),献立なし,,,,
2月23日(月),混ぜご飯,肉じゃが,魚,,
2月24日(火),白飯,えのきの豚肉巻き,チャプチェ,スープ餃子,
2月25日(水),トマトハヤシ,揚げ物,サラダ,,
2月26日(木),白飯,チキン南蛮,キャベツの厚揚げ炒め,,
2月27日(金),キーマカレー,包み揚げ,サラダ,,
2月28日(土),白飯,生姜焼き,大根の煮物,,
3月1日(日),献立なし,,,,
3月2日(月),白飯,えのきの豚肉巻き,きんぴらごぼう,かぶの煮物,
3月3日(火),ピラフ,ハンバーグ,ポテト,ほうれん草の付合せ,
3月4日(水),白飯,すき焼き風煮,揚げ物,,
3月5日(木),白飯,肉味噌茄子,サバ缶白滝,,
3月6日(金),焼きそば,油揚げの包み焼き,スープ,,
3月7日(土),カレー,揚げ物,サラダ,,
3月8日(日),献立なし,,,,
3月9日(月),赤飯,豚バラ大根,魚,,
3月10日(火),えのきとそぼろのてりたま丼,春巻き,サラダ,,
3月11日(水),シチュー,タンドリーチキン,サラダ,,
3月12日(木),白飯,タッカルビ,焼売,お惣菜,
3月13日(金),ガパオ,揚げ物,サラダ,,
3月14日(土),白飯,えのきの豚肉巻き,小松菜炒め,,
3月15日(日),献立なし,,,,
3月16日(月),ピラフ,煮込みハンバーグ,ポテト,,
3月17日(火),白飯,豚バラじゃが,餃子,,
3月18日(水),二色丼,揚げ物,サラスパ,,
3月19日(木),白飯,スープカレー,お惣菜,サラダ,
3月20日(金),白飯,豚キムチ,サバ缶白滝,,
3月21日(土),白飯,生姜焼き,しりしり,,
3月22日(日),献立なし,,,,
3月23日(月),白飯,じゃがいものそぼろ煮,魚,,
3月24日(火),タコライス,ロールキャベツ,,,
3月25日(水),トマトハヤシ,揚げ物,サラダ,,
3月26日(木),白飯,ピーマンの肉巻き,ひじき煮,お惣菜,
3月27日(金),キーマカレー,春巻き,サラダ,,
3月28日(土),白飯,麻婆豆腐,麻婆春雨,ヤンニョムチキン,サラダ
3月29日(日),献立なし,,,,
3月30日(月),白飯,肉巻きポテト,チンゲン菜炒め,,
3月31日(火),白飯,肉じゃが,魚,,
4月1日(水),シチュー,揚げ物,サラダ,,
4月2日(木),白飯,回鍋肉,かぶの煮物,,
4月3日(金),白飯,煮込みハンバーグ,ハッシュドポテト,サラダ,
4月4日(土),ガパオ,包み揚げ,サラダ,,
4月5日(日),献立なし,,,,
4月6日(月),白飯,生姜焼き,煮物,,
4月7日(火),白飯,チキン南蛮,サバ缶白滝,サラダ,
4月8日(水),ハヤシライス,揚げ物,サラダ,,
4月9日(木),白飯,豚ごぼうきんぴら,肉入り卵,お惣菜,
4月10日(金),白飯,豚キムチ,餃子,ハッシュドポテト,
4月11日(土),カレー,揚げ物,サラダ,,
4月12日(日),献立なし,,,,
4月13日(月),白飯,厚揚げ味噌炒め,ほうれん草炒め,,
4月14日(火),白飯,ピーマンの肉詰め,ジャーマンポテト,,
4月15日(水),白飯,大根の煮物,揚げ物,サラダ,
4月16日(木),シチュー,唐揚げ,サラダ,,
4月17日(金),タコライス,スープ餃子,,,
4月18日(土),白飯,じゃがいもえのき,揚げ物,チキンナゲット,
4月19日(日),献立なし,,,,
4月20日(月),白飯,れんこんつくね,タッカルビ,,
4月21日(火),白飯,えのきの豚肉巻き,小松菜炒め,煮物,
4月22日(水),ボロネーゼ,揚げ物,サラダ,,
4月23日(木),白飯,肉じゃが,魚,ボロネーゼ春巻き,
4月24日(金),白飯,生姜焼き,ロールキャベツ,,
4月25日(土),プルコギ風丼,揚げ物,サラダ,,
4月26日(日),献立なし,,,,
4月27日(月),二色丼,サバ缶白滝,,,
4月28日(火),白飯,ハンバーグ,ポテト,ほうれん草の付合せ,
4月29日(水),シチュー,包み揚げ,サラダ,,
4月30日(木),白飯,回鍋肉,焼売,お惣菜,
5月1日(金),ガパオ,ジャーマンポテト,,,
5月2日(土),献立なし,,,,
5月3日(日),献立なし,,,,
5月4日(月),白飯,カオマンガイ,揚げ物,サラダ,
5月5日(火),外食(Eggs 'n Things),,,,
5月6日(水),マクドナルド,,,,
5月7日(木),カレー,揚げ物,サラダ,,
5月8日(金),白飯,麻婆茄子,春巻き,,
5月9日(土),白飯,大根の煮物,豆苗のツナ炒め,,
5月10日(日),献立なし,,,,
5月11日(月),白飯,照り焼きごぼうチキン,麻婆春雨,,
5月12日(火),白飯,生姜焼き,ベーコンじゃが大根,,
5月13日(水),キーマカレー,揚げ物,サラダ,,
5月14日(木),白飯,豚バラなす,魚,,
5月15日(金),白飯,えのきの豚肉巻き,小松菜チャンプルー,,
5月16日(土),トマトハヤシ,揚げ物,サラダ,,
5月17日(日),献立なし,,,,
5月18日(月),白飯,じゃがいものそぼろ煮,魚,ツナきゅうり,
5月19日(火),白飯,煮込みハンバーグ,揚げ物,,
5月20日(水),弁当,,,,
5月21日(木),シチュー,包み揚げ,,,
5月22日(金),タコライス,ロールキャベツ,,,
5月23日(土),白飯,チャプチェ,春巻き,,
5月24日(日),テイクアウト(マクドナルド),,,,
5月25日(月),二色丼,サバ缶白滝,味噌汁,,
5月26日(火),白飯,えのきの豚肉巻き,ジャーマンポテト,,
5月27日(水),白飯,鶏肉の生姜煮,揚げ物,サラダ,
5月28日(木),ピラフ,タンドリーチキン,ほうれん草炒め,,
5月29日(金),冷やし中華,餃子,,,
5月30日(土),ガパオ,揚げ物,サラダ,,
5月31日(日),献立なし,,,,
6月1日(月),白飯,豚バラ大根,魚,,
6月2日(火),ハヤシライス,包み揚げ,ツナきゅうり,,
6月3日(水),白飯,ハンバーグ,ポテト,ほうれん草の付合せ,
6月4日(木),白飯,肉じゃが,唐揚げマヨ炒め,,
6月5日(金),白飯,豚キムチ,餃子,中華卵炒め,
6月6日(土),白飯,スープカレー,揚げ物,,
6月7日(日),献立なし,,,,
6月8日(月),ビビンバ丼,ロールキャベツ,,,
6月9日(火),白飯,えのきの豚肉巻き,とろたまウインナー,,
6月10日(水),うどん,棒棒鶏,揚げ物,,
6月11日(木),白飯,麻婆豆腐,回鍋肉,,
6月12日(金),キーマカレー,揚げ物,サラダ,,
6月13日(土),白飯,生姜焼き,大根の煮物,,
6月14日(日),献立なし,,,,
6月15日(月),ピラフ,煮込みハンバーグ,,,
6月16日(火),白飯,チャプチェ,春巻き,,
6月17日(水),カレー,揚げ物,サラスパ,,
6月18日(木),白飯,ピーマン炒め,魚,お惣菜,
6月19日(金),冷やし中華,唐揚げ,,,
6月20日(土),シチュー,揚げ物,サラダ,,
6月21日(日),外食(魚べい),,,,
6月22日(月),そうめん,ピーマンの肉詰め,,,
6月23日(火),ガパオ,揚げ物,サラダ,,
6月24日(水),白飯,さっぱり煮,サバ缶白滝,,
6月25日(木),白飯,豚キムチ,春巻き,お惣菜,
6月26日(金),トマトハヤシ,厚揚げチーズ,サラダ,,
6月27日(土),二色丼,包み揚げ,鶏肉の生姜煮,,
6月28日(日),テイクアウト(ケンタッキー),,,,
6月29日(月),白飯,生姜焼き,ぶり大根,,
6月30日(火),白飯,ハンバーグ,ポテト,ほうれん草の付合せ,
7月1日(水),白飯,鶏もも角煮風,しりしり,,
7月2日(木),タコライス,コンソメスープ,お惣菜,,
7月3日(金),白飯,豚肉と茄子炒め,餃子,,
7月4日(土),白飯,肉じゃが,揚げ物,ツナきゅうり,
7月5日(日),献立なし,,,,
7月6日(月),白飯,よだれ鶏,キャベツと豚肉炒め,,
7月7日(火),白飯,えのきの豚肉巻き,ジャーマンポテト,,
7月8日(水),白飯,スープカレー,揚げ物,,
7月9日(木),白飯,麻婆豆腐,焼売,お惣菜,
7月10日(金),焼きそば,ヤンニョムチキン,,,
7月11日(土),二色丼,包み揚げ,,,
7月12日(日),献立なし,,,,
7月13日(月),白飯,豚肉きんぴら,魚,,
7月14日(火),白飯,れんこんつくね,小松菜チャンプルー,,
7月15日(水),ビーフシチュー,揚げ物,サラダ,,
7月16日(木),冷やし中華,春巻き,,,
7月17日(金),白飯,煮込みハンバーグ,ハッシュドポテト,サラダ,
7月18日(土),白飯,チキン南蛮,ひじき煮,サラダ,
7月19日(日),テイクアウト(すき家),,,,
7月20日(月),白飯,生姜焼き,魚,,
7月21日(火),ボロネーゼハヤシ,揚げ物,サラダ,,
7月22日(水),うどん・そうめん,よだれ鶏,,,
7月23日(木),白飯,麻婆茄子,えのきの豚肉巻き,,
7月24日(金),カレー,揚げ物,サラダ,,
7月25日(土),混ぜご飯,ピーマンの肉詰め,小松菜炒め,,
7月26日(日),献立なし,,,,
7月27日(月),うどん,唐揚げ,,,
7月28日(火),白飯,サバ缶白滝,生姜焼き,,
7月29日(水),ガパオ,揚げ物,サラダ,,
7月30日(木),白飯,豚キムチ,餃子,お惣菜,
7月31日(金),冷やし中華,さっぱり煮,,,
8月1日(土),白飯,ハンバーグ,ポテト,ほうれん草の付合せ,
8月2日(日),献立なし,,,,
8月3日(月),チンジャオロース丼,アスパラ豚肉巻き,,,
8月4日(火),白飯,豚バラ大根,魚,,
8月5日(水),シチュー,揚げ物,サラダ,,
8月6日(木),タコライス,ロールキャベツ,,,
8月7日(金),焼きそば,エビフライ,サラダ,,
8月8日(土),白飯,豚バラなす,煮物,,
8月9日(日),献立なし,,,,
8月10日(月),白飯,カニカマチンゲン菜,春巻き,,
8月11日(火),ヤンニョムカルビ丼,えびブロッコリー,,,
8月12日(水),白飯,トマトチーズ,メンチカツ,サラダ,
8月13日(木),混ぜご飯,肉じゃが,魚,,
8月14日(金),外食(牛角),,,,
8月15日(土),テイクアウト(ローソン),,,,
8月16日(日),献立なし,,,,
8月17日(月),混ぜご飯,大根の煮物,魚,,
8月18日(火),キーマカレー,揚げ物,サラダ,,
8月19日(水),白飯,えのきの豚肉巻き,ジャーマンポテト,,
8月20日(木),二色丼,餃子,揚げ物,サラダ,
8月21日(金),白飯,煮込みハンバーグ,包み揚げ,サラダ,
8月22日(土),白飯,チャプチェ,タンドリーチキン,サラダ,
8月23日(日),献立なし,,,,
8月24日(月),白飯,つくね,小松菜チャンプルー,,
8月25日(火),白飯,生姜焼き,ぶり大根,,
8月26日(水),カレー,揚げ物,サラダ,,
8月27日(木),白飯,回鍋肉,焼売,,
8月28日(金),タコライス,揚げ物,ツナきゅうり,,
8月29日(土),テイクアウト(マクドナルド),,,,
8月30日(日),外食(魚べい),,,,
8月31日(月),白飯,じゃがいものそぼろ煮,魚,,
9月1日(火),白飯,麻婆豆腐,唐揚げ,サラダ,
9月2日(水),トマトハヤシ,揚げ物,サラダ,,
9月3日(木),白飯,豚キムチ,お惣菜,サラダ,
9月4日(金),白飯,ハンバーグ,ポテト,ほうれん草の付合せ,
9月5日(土),シチュー,春巻き,サラダ,,
9月6日(日),献立なし,,,,
9月7日(月),赤飯,大根の煮物,魚,,
9月8日(火),白飯,ポークソテー,ポテト,,
9月9日(水),ハッシュドビーフ,揚げ物,,,
9月10日(木),白飯,おでん,えのきの豚肉巻き,,
9月11日(金),炒飯,唐揚げ,麻婆春雨,,
9月12日(土),ガパオ,厚揚げチーズ,サラダ,,
9月13日(日),ピラフ,煮込みハンバーグ,お惣菜,,
9月14日(月),白飯,豚バラなす,サバ缶白滝,,
9月15日(火),二色丼,タッカルビ,豚汁,,
9月16日(水),カレー,揚げ物,サラダ,,
9月17日(木),白飯,豚こまきんぴら,餃子,,
9月18日(金),焼きそば,ロールキャベツ,揚げ物,,
9月19日(土),混ぜご飯,ピーマンの肉詰め,ジャーマンポテト,,
9月20日(日),献立なし,,,,
9月21日(月),テイクアウト(ベルク),,,,
9月22日(火),白飯,肉じゃが,魚,,
9月23日(水),白飯,生姜焼き,ひじき煮,,
9月24日(木),うどん,天ぷら,お惣菜,,
9月25日(金),白飯,豚バラ大根,れんこんつくね,サラダ,
9月26日(土),キーマカレー,揚げ物,サラダ,,
9月27日(日),テイクアウト(マクドナルド),,,,
9月28日(月),混ぜご飯,大根の煮物,魚,,
9月29日(火),白飯,ハンバーグ,ポテト,ほうれん草の付合せ,
9月30日(水),白飯,ピーマンの肉巻き,ベーコンじゃが大根,,
